{
  "mode": "pixel_servo_poly2",
  "pan_coef": [
    -0.5929849613878995,
    0.1398535688913143,
    -0.28801095777921626,
    0.00030049836240280726,
    0.0010503222579354148,
    -0.0008340516918359664
  ],
  "tilt_coef": [
    -2.111025883778523,
    -0.04428456278579871,
    0.18630743169545003,
    -1.628119644230919e-05,
    -0.0006538912981565717,
    0.0002157489860161971
  ],
  "rms_pan_deg": 2.616,
  "rms_tilt_deg": 2.333,
  "n_samples": 24,
  "px_span_x": 329.6,
  "px_span_y": 204.5,
  "calibrated_at": "2026-06-24T21:59:59",
  "process_resolution": "640x360"
}